email_lead,first_name_lead,last_name_lead,position_lead,position_lead,email_lead_edit,first_name_lead_edit,last_name_lead_edit,position_lead_edit,compay_lead_edit
victor.lance@raven.com.br,Victor,Lance,QA,Raven, victor_lance@raven.com.br,Victor,Hugo,QA Lead,Raven
gustavo.barb@raven.com.br,Gustavo,Barba,QA,Raven, gustavo.munis@raven.com.br,Gustavo,Munis,QA Lead,Raven
joao.lucas@raven.com.br,Joao,Lucas,QA,Raven, joao.oliveira@raven.com.br,Joao,Oliveira,QA Lead,Raven
thiago.barros@raven.com.br,Thiago,Barros,Desenvolvedor,Raven, thiago.santos@raven.com.br,Thiago,Satos,Desenvolvedor ,Raven,
felipe.andre@raven.com.br,Felipe,Andre,QA,Desing, felipe.franca@raven.com.br,Felipe,Franca,Desing,Raven
andre.luiz@raven.com.br,Andre,Luiz,Desenvolvedor,Raven, andre.silva@raven.com.br,Andre,Silva,Desenvolvedor Lead,Raven
lucas.morais@raven.com.br,Lucas,Morais,Engenheiro de Dados,Raven, lucas.moraes@raven.com.br,Lucas,Moraes,Engenheiro de Dados,Raven
vanessa.matos@raven.com.br,Vanessa,Matos,QA,Raven, vanessa.mattos@raven.com.br,Vanessa,Mattos,QA,Raven
andressa.lima@raven.com.br,Andressa,Lim,QA,Raven, andressa.tavares@raven.com.br,Andressa,Tavares,UX,Raven